376854;37685*;3768**;376***;37****;3*****;*
635596;63559*;6355**;635***;63****;6*****;*
817659;81765*;8176**;817***;81****;8*****;*
445245;44524*;4452**;445***;44****;4*****;*
975772;97577*;9757**;975***;97****;9*****;*
301217;30121*;3012**;301***;30****;3*****;*
623625;62362*;6236**;623***;62****;6*****;*
767913;76791*;7679**;767***;76****;7*****;*
760935;76093*;7609**;760***;76****;7*****;*
517547;51754*;5175**;517***;51****;5*****;*
973278;97327*;9732**;973***;97****;9*****;*
492460;49246*;4924**;492***;49****;4*****;*
795947;79594*;7959**;795***;79****;7*****;*
340056;34005*;3400**;340***;34****;3*****;*
683578;68357*;6835**;683***;68****;6*****;*
593534;59353*;5935**;593***;59****;5*****;*
985380;98538*;9853**;985***;98****;9*****;*
894124;89412*;8941**;894***;89****;8*****;*
906618;90661*;9066**;906***;90****;9*****;*
442060;44206*;4420**;442***;44****;4*****;*
578300;57830*;5783**;578***;57****;5*****;*
474345;47434*;4743**;474***;47****;4*****;*
993911;99391*;9939**;993***;99****;9*****;*
587424;58742*;5874**;587***;58****;5*****;*
197479;19747*;1974**;197***;19****;1*****;*
959870;95987*;9598**;959***;95****;9*****;*
775534;77553*;7755**;775***;77****;7*****;*
903427;90342*;9034**;903***;90****;9*****;*
415874;41587*;4158**;415***;41****;4*****;*
742759;74275*;7427**;742***;74****;7*****;*
362667;36266*;3626**;362***;36****;3*****;*
872651;87265*;8726**;872***;87****;8*****;*
993167;99316*;9931**;993***;99****;9*****;*
604571;60457*;6045**;604***;60****;6*****;*
518363;51836*;5183**;518***;51****;5*****;*
213508;21350*;2135**;213***;21****;2*****;*
751544;75154*;7515**;751***;75****;7*****;*
790525;79052*;7905**;790***;79****;7*****;*
050812;05081*;0508**;050***;05****;0*****;*
454639;45463*;4546**;454***;45****;4*****;*
967143;96714*;9671**;967***;96****;9*****;*
113052;11305*;1130**;113***;11****;1*****;*
324984;32498*;3249**;324***;32****;3*****;*
178108;17810*;1781**;178***;17****;1*****;*
841574;84157*;8415**;841***;84****;8*****;*
285971;28597*;2859**;285***;28****;2*****;*
223847;22384*;2238**;223***;22****;2*****;*
149016;14901*;1490**;149***;14****;1*****;*
263322;26332*;2633**;263***;26****;2*****;*
903773;90377*;9037**;903***;90****;9*****;*
980814;98081*;9808**;980***;98****;9*****;*
018152;01815*;0181**;018***;01****;0*****;*
684278;68427*;6842**;684***;68****;6*****;*
947255;94725*;9472**;947***;94****;9*****;*
122806;12280*;1228**;122***;12****;1*****;*
953495;95349*;9534**;953***;95****;9*****;*
763828;76382*;7638**;763***;76****;7*****;*
035802;03580*;0358**;035***;03****;0*****;*
392563;39256*;3925**;392***;39****;3*****;*
839193;83919*;8391**;839***;83****;8*****;*
594627;59462*;5946**;594***;59****;5*****;*
910808;91080*;9108**;910***;91****;9*****;*
463412;46341*;4634**;463***;46****;4*****;*
051108;05110*;0511**;051***;05****;0*****;*
958913;95891*;9589**;958***;95****;9*****;*
592634;59263*;5926**;592***;59****;5*****;*
723666;72366*;7236**;723***;72****;7*****;*
715267;71526*;7152**;715***;71****;7*****;*
765859;76585*;7658**;765***;76****;7*****;*
731614;73161*;7316**;731***;73****;7*****;*
406068;40606*;4060**;406***;40****;4*****;*
749311;74931*;7493**;749***;74****;7*****;*
482918;48291*;4829**;482***;48****;4*****;*
780687;78068*;7806**;780***;78****;7*****;*
389470;38947*;3894**;389***;38****;3*****;*
109515;10951*;1095**;109***;10****;1*****;*
926647;92664*;9266**;926***;92****;9*****;*
512063;51206*;5120**;512***;51****;5*****;*
668764;66876*;6687**;668***;66****;6*****;*
296293;29629*;2962**;296***;29****;2*****;*
510212;51021*;5102**;510***;51****;5*****;*
652433;65243*;6524**;652***;65****;6*****;*
227730;22773*;2277**;227***;22****;2*****;*
563468;56346*;5634**;563***;56****;5*****;*
096546;09654*;0965**;096***;09****;0*****;*
163942;16394*;1639**;163***;16****;1*****;*
185793;18579*;1857**;185***;18****;1*****;*
680617;68061*;6806**;680***;68****;6*****;*
198501;19850*;1985**;198***;19****;1*****;*
694805;69480*;6948**;694***;69****;6*****;*
299997;29999*;2999**;299***;29****;2*****;*
211758;21175*;2117**;211***;21****;2*****;*
819478;81947*;8194**;819***;81****;8*****;*
133390;13339*;1333**;133***;13****;1*****;*
460509;46050*;4605**;460***;46****;4*****;*
964262;96426*;9642**;964***;96****;9*****;*
534346;53434*;5343**;534***;53****;5*****;*
466432;46643*;4664**;466***;46****;4*****;*
778881;77888*;7788**;778***;77****;7*****;*
483898;48389*;4838**;483***;48****;4*****;*
674407;67440*;6744**;674***;67****;6*****;*
872046;87204*;8720**;872***;87****;8*****;*
347762;34776*;3477**;347***;34****;3*****;*
923319;92331*;9233**;923***;92****;9*****;*
607276;60727*;6072**;607***;60****;6*****;*
745612;74561*;7456**;745***;74****;7*****;*
887969;88796*;8879**;887***;88****;8*****;*
270465;27046*;2704**;270***;27****;2*****;*
879323;87932*;8793**;879***;87****;8*****;*
439099;43909*;4390**;439***;43****;4*****;*
083957;08395*;0839**;083***;08****;0*****;*
796211;79621*;7962**;796***;79****;7*****;*
451848;45184*;4518**;451***;45****;4*****;*
878221;87822*;8782**;878***;87****;8*****;*
461320;46132*;4613**;461***;46****;4*****;*
893249;89324*;8932**;893***;89****;8*****;*
375302;37530*;3753**;375***;37****;3*****;*
279949;27994*;2799**;279***;27****;2*****;*
487679;48767*;4876**;487***;48****;4*****;*
866652;86665*;8666**;866***;86****;8*****;*
902040;90204*;9020**;902***;90****;9*****;*
512407;51240*;5124**;512***;51****;5*****;*
884820;88482*;8848**;884***;88****;8*****;*
405221;40522*;4052**;405***;40****;4*****;*
031140;03114*;0311**;031***;03****;0*****;*
121128;12112*;1211**;121***;12****;1*****;*
470079;47007*;4700**;470***;47****;4*****;*
307154;30715*;3071**;307***;30****;3*****;*
865913;86591*;8659**;865***;86****;8*****;*
746030;74603*;7460**;746***;74****;7*****;*
380696;38069*;3806**;380***;38****;3*****;*
878853;87885*;8788**;878***;87****;8*****;*
241520;24152*;2415**;241***;24****;2*****;*
693415;69341*;6934**;693***;69****;6*****;*
191301;19130*;1913**;191***;19****;1*****;*
615062;61506*;6150**;615***;61****;6*****;*
103669;10366*;1036**;103***;10****;1*****;*
403415;40341*;4034**;403***;40****;4*****;*
179457;17945*;1794**;179***;17****;1*****;*
265536;26553*;2655**;265***;26****;2*****;*
937431;93743*;9374**;937***;93****;9*****;*
977849;97784*;9778**;977***;97****;9*****;*
791440;79144*;7914**;791***;79****;7*****;*
127940;12794*;1279**;127***;12****;1*****;*
508231;50823*;5082**;508***;50****;5*****;*
652110;65211*;6521**;652***;65****;6*****;*
949869;94986*;9498**;949***;94****;9*****;*
191521;19152*;1915**;191***;19****;1*****;*
510888;51088*;5108**;510***;51****;5*****;*
744495;74449*;7444**;744***;74****;7*****;*
747411;74741*;7474**;747***;74****;7*****;*
778771;77877*;7787**;778***;77****;7*****;*
138780;13878*;1387**;138***;13****;1*****;*
165280;16528*;1652**;165***;16****;1*****;*
784334;78433*;7843**;784***;78****;7*****;*
641710;64171*;6417**;641***;64****;6*****;*
820673;82067*;8206**;820***;82****;8*****;*
428393;42839*;4283**;428***;42****;4*****;*
579568;57956*;5795**;579***;57****;5*****;*
729333;72933*;7293**;729***;72****;7*****;*
584008;58400*;5840**;584***;58****;5*****;*
795378;79537*;7953**;795***;79****;7*****;*
247196;24719*;2471**;247***;24****;2*****;*
415238;41523*;4152**;415***;41****;4*****;*
693630;69363*;6936**;693***;69****;6*****;*
693955;69395*;6939**;693***;69****;6*****;*
275860;27586*;2758**;275***;27****;2*****;*
957897;95789*;9578**;957***;95****;9*****;*
156193;15619*;1561**;156***;15****;1*****;*
554460;55446*;5544**;554***;55****;5*****;*
769998;76999*;7699**;769***;76****;7*****;*
347942;34794*;3479**;347***;34****;3*****;*
890552;89055*;8905**;890***;89****;8*****;*
981424;98142*;9814**;981***;98****;9*****;*
330655;33065*;3306**;330***;33****;3*****;*
886819;88681*;8868**;886***;88****;8*****;*
319142;31914*;3191**;319***;31****;3*****;*
119819;11981*;1198**;119***;11****;1*****;*
110560;11056*;1105**;110***;11****;1*****;*
140434;14043*;1404**;140***;14****;1*****;*
040431;04043*;0404**;040***;04****;0*****;*
229793;22979*;2297**;229***;22****;2*****;*
319373;31937*;3193**;319***;31****;3*****;*
614560;61456*;6145**;614***;61****;6*****;*
016921;01692*;0169**;016***;01****;0*****;*
656138;65613*;6561**;656***;65****;6*****;*
416488;41648*;4164**;416***;41****;4*****;*
125237;12523*;1252**;125***;12****;1*****;*
962446;96244*;9624**;962***;96****;9*****;*
050489;05048*;0504**;050***;05****;0*****;*
165122;16512*;1651**;165***;16****;1*****;*
066167;06616*;0661**;066***;06****;0*****;*
420052;42005*;4200**;420***;42****;4*****;*
092244;09224*;0922**;092***;09****;0*****;*
129068;12906*;1290**;129***;12****;1*****;*
081486;08148*;0814**;081***;08****;0*****;*
131886;13188*;1318**;131***;13****;1*****;*
686472;68647*;6864**;686***;68****;6*****;*
189668;18966*;1896**;189***;18****;1*****;*
581154;58115*;5811**;581***;58****;5*****;*
709937;70993*;7099**;709***;70****;7*****;*
511185;51118*;5111**;511***;51****;5*****;*
372849;37284*;3728**;372***;37****;3*****;*
414400;41440*;4144**;414***;41****;4*****;*
617352;61735*;6173**;617***;61****;6*****;*
848422;84842*;8484**;848***;84****;8*****;*
533172;53317*;5331**;533***;53****;5*****;*
183523;18352*;1835**;183***;18****;1*****;*
299163;29916*;2991**;299***;29****;2*****;*
408203;40820*;4082**;408***;40****;4*****;*
819781;81978*;8197**;819***;81****;8*****;*
481348;48134*;4813**;481***;48****;4*****;*
460987;46098*;4609**;460***;46****;4*****;*
449588;44958*;4495**;449***;44****;4*****;*
675510;67551*;6755**;675***;67****;6*****;*
197985;19798*;1979**;197***;19****;1*****;*
838726;83872*;8387**;838***;83****;8*****;*
610295;61029*;6102**;610***;61****;6*****;*
930329;93032*;9303**;930***;93****;9*****;*
559418;55941*;5594**;559***;55****;5*****;*
265178;26517*;2651**;265***;26****;2*****;*
589560;58956*;5895**;589***;58****;5*****;*
982466;98246*;9824**;982***;98****;9*****;*
146045;14604*;1460**;146***;14****;1*****;*
322202;32220*;3222**;322***;32****;3*****;*
550038;55003*;5500**;550***;55****;5*****;*
531189;53118*;5311**;531***;53****;5*****;*
020279;02027*;0202**;020***;02****;0*****;*
105508;10550*;1055**;105***;10****;1*****;*
604209;60420*;6042**;604***;60****;6*****;*
405534;40553*;4055**;405***;40****;4*****;*
792884;79288*;7928**;792***;79****;7*****;*
695820;69582*;6958**;695***;69****;6*****;*
662474;66247*;6624**;662***;66****;6*****;*
809633;80963*;8096**;809***;80****;8*****;*
442972;44297*;4429**;442***;44****;4*****;*
938043;93804*;9380**;938***;93****;9*****;*
576056;57605*;5760**;576***;57****;5*****;*
193350;19335*;1933**;193***;19****;1*****;*
308387;30838*;3083**;308***;30****;3*****;*
588232;58823*;5882**;588***;58****;5*****;*
587178;58717*;5871**;587***;58****;5*****;*
929568;92956*;9295**;929***;92****;9*****;*
463843;46384*;4638**;463***;46****;4*****;*
080994;08099*;0809**;080***;08****;0*****;*
616635;61663*;6166**;616***;61****;6*****;*
597372;59737*;5973**;597***;59****;5*****;*
054896;05489*;0548**;054***;05****;0*****;*
486445;48644*;4864**;486***;48****;4*****;*
551135;55113*;5511**;551***;55****;5*****;*
321519;32151*;3215**;321***;32****;3*****;*
728946;72894*;7289**;728***;72****;7*****;*
288073;28807*;2880**;288***;28****;2*****;*
993602;99360*;9936**;993***;99****;9*****;*
435858;43585*;4358**;435***;43****;4*****;*
381448;38144*;3814**;381***;38****;3*****;*
795675;79567*;7956**;795***;79****;7*****;*
002078;00207*;0020**;002***;00****;0*****;*
279097;27909*;2790**;279***;27****;2*****;*
144140;14414*;1441**;144***;14****;1*****;*
053905;05390*;0539**;053***;05****;0*****;*
541091;54109*;5410**;541***;54****;5*****;*
140698;14069*;1406**;140***;14****;1*****;*
778539;77853*;7785**;778***;77****;7*****;*
472746;47274*;4727**;472***;47****;4*****;*
150121;15012*;1501**;150***;15****;1*****;*
811961;81196*;8119**;811***;81****;8*****;*
042106;04210*;0421**;042***;04****;0*****;*
786135;78613*;7861**;786***;78****;7*****;*
030762;03076*;0307**;030***;03****;0*****;*
720687;72068*;7206**;720***;72****;7*****;*
119386;11938*;1193**;119***;11****;1*****;*
360868;36086*;3608**;360***;36****;3*****;*
830789;83078*;8307**;830***;83****;8*****;*
299276;29927*;2992**;299***;29****;2*****;*
290398;29039*;2903**;290***;29****;2*****;*
819354;81935*;8193**;819***;81****;8*****;*
730703;73070*;7307**;730***;73****;7*****;*
195521;19552*;1955**;195***;19****;1*****;*
606444;60644*;6064**;606***;60****;6*****;*
475265;47526*;4752**;475***;47****;4*****;*
831727;83172*;8317**;831***;83****;8*****;*
027016;02701*;0270**;027***;02****;0*****;*
755266;75526*;7552**;755***;75****;7*****;*
122250;12225*;1222**;122***;12****;1*****;*
932846;93284*;9328**;932***;93****;9*****;*
376069;37606*;3760**;376***;37****;3*****;*
522929;52292*;5229**;522***;52****;5*****;*
569584;56958*;5695**;569***;56****;5*****;*
909535;90953*;9095**;909***;90****;9*****;*
908757;90875*;9087**;908***;90****;9*****;*
584742;58474*;5847**;584***;58****;5*****;*
838094;83809*;8380**;838***;83****;8*****;*
137394;13739*;1373**;137***;13****;1*****;*
649983;64998*;6499**;649***;64****;6*****;*
587330;58733*;5873**;587***;58****;5*****;*
749391;74939*;7493**;749***;74****;7*****;*
057609;05760*;0576**;057***;05****;0*****;*
015567;01556*;0155**;015***;01****;0*****;*
208698;20869*;2086**;208***;20****;2*****;*
443115;44311*;4431**;443***;44****;4*****;*
217447;21744*;2174**;217***;21****;2*****;*
135875;13587*;1358**;135***;13****;1*****;*
813798;81379*;8137**;813***;81****;8*****;*
460618;46061*;4606**;460***;46****;4*****;*
025525;02552*;0255**;025***;02****;0*****;*
877730;87773*;8777**;877***;87****;8*****;*
908048;90804*;9080**;908***;90****;9*****;*
989017;98901*;9890**;989***;98****;9*****;*
574276;57427*;5742**;574***;57****;5*****;*
175854;17585*;1758**;175***;17****;1*****;*
020006;02000*;0200**;020***;02****;0*****;*
792083;79208*;7920**;792***;79****;7*****;*
725394;72539*;7253**;725***;72****;7*****;*
382145;38214*;3821**;382***;38****;3*****;*
893613;89361*;8936**;893***;89****;8*****;*
096700;09670*;0967**;096***;09****;0*****;*
858194;85819*;8581**;858***;85****;8*****;*
680312;68031*;6803**;680***;68****;6*****;*
824801;82480*;8248**;824***;82****;8*****;*
400817;40081*;4008**;400***;40****;4*****;*
998647;99864*;9986**;998***;99****;9*****;*
189960;18996*;1899**;189***;18****;1*****;*
584147;58414*;5841**;584***;58****;5*****;*
644505;64450*;6445**;644***;64****;6*****;*
442407;44240*;4424**;442***;44****;4*****;*
943218;94321*;9432**;943***;94****;9*****;*
484047;48404*;4840**;484***;48****;4*****;*
401019;40101*;4010**;401***;40****;4*****;*
440990;44099*;4409**;440***;44****;4*****;*
188422;18842*;1884**;188***;18****;1*****;*
922938;92293*;9229**;922***;92****;9*****;*
383432;38343*;3834**;383***;38****;3*****;*
377185;37718*;3771**;377***;37****;3*****;*
206017;20601*;2060**;206***;20****;2*****;*
981609;98160*;9816**;981***;98****;9*****;*
446418;44641*;4464**;446***;44****;4*****;*
368647;36864*;3686**;368***;36****;3*****;*
255949;25594*;2559**;255***;25****;2*****;*
926682;92668*;9266**;926***;92****;9*****;*
922145;92214*;9221**;922***;92****;9*****;*
240237;24023*;2402**;240***;24****;2*****;*
794501;79450*;7945**;794***;79****;7*****;*
483376;48337*;4833**;483***;48****;4*****;*
259367;25936*;2593**;259***;25****;2*****;*
146523;14652*;1465**;146***;14****;1*****;*
952962;95296*;9529**;952***;95****;9*****;*
532416;53241*;5324**;532***;53****;5*****;*
249026;24902*;2490**;249***;24****;2*****;*
293793;29379*;2937**;293***;29****;2*****;*
967522;96752*;9675**;967***;96****;9*****;*
184784;18478*;1847**;184***;18****;1*****;*
549515;54951*;5495**;549***;54****;5*****;*
602227;60222*;6022**;602***;60****;6*****;*
426015;42601*;4260**;426***;42****;4*****;*
771165;77116*;7711**;771***;77****;7*****;*
313916;31391*;3139**;313***;31****;3*****;*
628895;62889*;6288**;628***;62****;6*****;*
246512;24651*;2465**;246***;24****;2*****;*
251684;25168*;2516**;251***;25****;2*****;*
846137;84613*;8461**;846***;84****;8*****;*
297744;29774*;2977**;297***;29****;2*****;*
935083;93508*;9350**;935***;93****;9*****;*
661976;66197*;6619**;661***;66****;6*****;*
194182;19418*;1941**;194***;19****;1*****;*
081390;08139*;0813**;081***;08****;0*****;*
592066;59206*;5920**;592***;59****;5*****;*
335198;33519*;3351**;335***;33****;3*****;*
086673;08667*;0866**;086***;08****;0*****;*
896354;89635*;8963**;896***;89****;8*****;*
127702;12770*;1277**;127***;12****;1*****;*
390359;39035*;3903**;390***;39****;3*****;*
467223;46722*;4672**;467***;46****;4*****;*
085351;08535*;0853**;085***;08****;0*****;*
995013;99501*;9950**;995***;99****;9*****;*
852864;85286*;8528**;852***;85****;8*****;*
560984;56098*;5609**;560***;56****;5*****;*
342064;34206*;3420**;342***;34****;3*****;*
243675;24367*;2436**;243***;24****;2*****;*
362703;36270*;3627**;362***;36****;3*****;*
756238;75623*;7562**;756***;75****;7*****;*
964807;96480*;9648**;964***;96****;9*****;*
080200;08020*;0802**;080***;08****;0*****;*
460374;46037*;4603**;460***;46****;4*****;*
844120;84412*;8441**;844***;84****;8*****;*
790099;79009*;7900**;790***;79****;7*****;*
497443;49744*;4974**;497***;49****;4*****;*
230440;23044*;2304**;230***;23****;2*****;*
324635;32463*;3246**;324***;32****;3*****;*
670456;67045*;6704**;670***;67****;6*****;*
371070;37107*;3710**;371***;37****;3*****;*
672869;67286*;6728**;672***;67****;6*****;*
461270;46127*;4612**;461***;46****;4*****;*
328115;32811*;3281**;328***;32****;3*****;*
691694;69169*;6916**;691***;69****;6*****;*
165751;16575*;1657**;165***;16****;1*****;*
424991;42499*;4249**;424***;42****;4*****;*
701630;70163*;7016**;701***;70****;7*****;*
753585;75358*;7535**;753***;75****;7*****;*
566442;56644*;5664**;566***;56****;5*****;*
172031;17203*;1720**;172***;17****;1*****;*
323240;32324*;3232**;323***;32****;3*****;*
731396;73139*;7313**;731***;73****;7*****;*
277791;27779*;2777**;277***;27****;2*****;*
699326;69932*;6993**;699***;69****;6*****;*
030243;03024*;0302**;030***;03****;0*****;*
838219;83821*;8382**;838***;83****;8*****;*
558699;55869*;5586**;558***;55****;5*****;*
911312;91131*;9113**;911***;91****;9*****;*
474822;47482*;4748**;474***;47****;4*****;*
995367;99536*;9953**;995***;99****;9*****;*
521055;52105*;5210**;521***;52****;5*****;*
911776;91177*;9117**;911***;91****;9*****;*
745035;74503*;7450**;745***;74****;7*****;*
922114;92211*;9221**;922***;92****;9*****;*
458891;45889*;4588**;458***;45****;4*****;*
452538;45253*;4525**;452***;45****;4*****;*
645345;64534*;6453**;645***;64****;6*****;*
953843;95384*;9538**;953***;95****;9*****;*
120417;12041*;1204**;120***;12****;1*****;*
600531;60053*;6005**;600***;60****;6*****;*
782260;78226*;7822**;782***;78****;7*****;*
241820;24182*;2418**;241***;24****;2*****;*
404886;40488*;4048**;404***;40****;4*****;*
798509;79850*;7985**;798***;79****;7*****;*
564398;56439*;5643**;564***;56****;5*****;*
399995;39999*;3999**;399***;39****;3*****;*
396173;39617*;3961**;396***;39****;3*****;*
633875;63387*;6338**;633***;63****;6*****;*
088737;08873*;0887**;088***;08****;0*****;*
515181;51518*;5151**;515***;51****;5*****;*
626321;62632*;6263**;626***;62****;6*****;*
835516;83551*;8355**;835***;83****;8*****;*
420062;42006*;4200**;420***;42****;4*****;*
379691;37969*;3796**;379***;37****;3*****;*
194363;19436*;1943**;194***;19****;1*****;*
601992;60199*;6019**;601***;60****;6*****;*
105855;10585*;1058**;105***;10****;1*****;*
300366;30036*;3003**;300***;30****;3*****;*
683601;68360*;6836**;683***;68****;6*****;*
926912;92691*;9269**;926***;92****;9*****;*
931064;93106*;9310**;931***;93****;9*****;*
931310;93131*;9313**;931***;93****;9*****;*
886897;88689*;8868**;886***;88****;8*****;*
986170;98617*;9861**;986***;98****;9*****;*
306007;30600*;3060**;306***;30****;3*****;*
099565;09956*;0995**;099***;09****;0*****;*
194631;19463*;1946**;194***;19****;1*****;*
826273;82627*;8262**;826***;82****;8*****;*
981256;98125*;9812**;981***;98****;9*****;*
600952;60095*;6009**;600***;60****;6*****;*
732737;73273*;7327**;732***;73****;7*****;*
188284;18828*;1882**;188***;18****;1*****;*
501215;50121*;5012**;501***;50****;5*****;*
377258;37725*;3772**;377***;37****;3*****;*
025821;02582*;0258**;025***;02****;0*****;*
172779;17277*;1727**;172***;17****;1*****;*
520368;52036*;5203**;520***;52****;5*****;*
533350;53335*;5333**;533***;53****;5*****;*
337229;33722*;3372**;337***;33****;3*****;*
263341;26334*;2633**;263***;26****;2*****;*
710436;71043*;7104**;710***;71****;7*****;*
191074;19107*;1910**;191***;19****;1*****;*
724655;72465*;7246**;724***;72****;7*****;*
560866;56086*;5608**;560***;56****;5*****;*
651631;65163*;6516**;651***;65****;6*****;*
211172;21117*;2111**;211***;21****;2*****;*
107492;10749*;1074**;107***;10****;1*****;*
475005;47500*;4750**;475***;47****;4*****;*
302949;30294*;3029**;302***;30****;3*****;*
751611;75161*;7516**;751***;75****;7*****;*
421346;42134*;4213**;421***;42****;4*****;*
813674;81367*;8136**;813***;81****;8*****;*
000634;00063*;0006**;000***;00****;0*****;*
640966;64096*;6409**;640***;64****;6*****;*
170291;17029*;1702**;170***;17****;1*****;*
843303;84330*;8433**;843***;84****;8*****;*
503666;50366*;5036**;503***;50****;5*****;*
402970;40297*;4029**;402***;40****;4*****;*
348419;34841*;3484**;348***;34****;3*****;*
149886;14988*;1498**;149***;14****;1*****;*
237356;23735*;2373**;237***;23****;2*****;*
452595;45259*;4525**;452***;45****;4*****;*
883650;88365*;8836**;883***;88****;8*****;*
351586;35158*;3515**;351***;35****;3*****;*
779765;77976*;7797**;779***;77****;7*****;*
572942;57294*;5729**;572***;57****;5*****;*
249745;24974*;2497**;249***;24****;2*****;*
580033;58003*;5800**;580***;58****;5*****;*
041683;04168*;0416**;041***;04****;0*****;*
714018;71401*;7140**;714***;71****;7*****;*
683736;68373*;6837**;683***;68****;6*****;*
620744;62074*;6207**;620***;62****;6*****;*
191631;19163*;1916**;191***;19****;1*****;*
855459;85545*;8554**;855***;85****;8*****;*
833012;83301*;8330**;833***;83****;8*****;*
845675;84567*;8456**;845***;84****;8*****;*
062982;06298*;0629**;062***;06****;0*****;*
477076;47707*;4770**;477***;47****;4*****;*
989658;98965*;9896**;989***;98****;9*****;*
269467;26946*;2694**;269***;26****;2*****;*
073134;07313*;0731**;073***;07****;0*****;*
618842;61884*;6188**;618***;61****;6*****;*
542716;54271*;5427**;542***;54****;5*****;*
716924;71692*;7169**;716***;71****;7*****;*
935106;93510*;9351**;935***;93****;9*****;*
644796;64479*;6447**;644***;64****;6*****;*
026149;02614*;0261**;026***;02****;0*****;*
513604;51360*;5136**;513***;51****;5*****;*
819003;81900*;8190**;819***;81****;8*****;*
809942;80994*;8099**;809***;80****;8*****;*
368230;36823*;3682**;368***;36****;3*****;*
931843;93184*;9318**;931***;93****;9*****;*
072865;07286*;0728**;072***;07****;0*****;*
754226;75422*;7542**;754***;75****;7*****;*
768736;76873*;7687**;768***;76****;7*****;*
368826;36882*;3688**;368***;36****;3*****;*
255671;25567*;2556**;255***;25****;2*****;*
964957;96495*;9649**;964***;96****;9*****;*
885950;88595*;8859**;885***;88****;8*****;*
522676;52267*;5226**;522***;52****;5*****;*
575320;57532*;5753**;575***;57****;5*****;*
958012;95801*;9580**;958***;95****;9*****;*
583068;58306*;5830**;583***;58****;5*****;*
620033;62003*;6200**;620***;62****;6*****;*
033009;03300*;0330**;033***;03****;0*****;*
826339;82633*;8263**;826***;82****;8*****;*
971248;97124*;9712**;971***;97****;9*****;*
766026;76602*;7660**;766***;76****;7*****;*
019273;01927*;0192**;019***;01****;0*****;*
388585;38858*;3885**;388***;38****;3*****;*
491202;49120*;4912**;491***;49****;4*****;*
443107;44310*;4431**;443***;44****;4*****;*
093224;09322*;0932**;093***;09****;0*****;*
727701;72770*;7277**;727***;72****;7*****;*
973187;97318*;9731**;973***;97****;9*****;*
593392;59339*;5933**;593***;59****;5*****;*
662249;66224*;6622**;662***;66****;6*****;*
399411;39941*;3994**;399***;39****;3*****;*
314347;31434*;3143**;314***;31****;3*****;*
317677;31767*;3176**;317***;31****;3*****;*
598040;59804*;5980**;598***;59****;5*****;*
389298;38929*;3892**;389***;38****;3*****;*
601429;60142*;6014**;601***;60****;6*****;*
469839;46983*;4698**;469***;46****;4*****;*
945399;94539*;9453**;945***;94****;9*****;*
107193;10719*;1071**;107***;10****;1*****;*
489029;48902*;4890**;489***;48****;4*****;*
205100;20510*;2051**;205***;20****;2*****;*
530036;53003*;5300**;530***;53****;5*****;*
883504;88350*;8835**;883***;88****;8*****;*
816430;81643*;8164**;816***;81****;8*****;*
610429;61042*;6104**;610***;61****;6*****;*
170915;17091*;1709**;170***;17****;1*****;*
599941;59994*;5999**;599***;59****;5*****;*
615932;61593*;6159**;615***;61****;6*****;*
125848;12584*;1258**;125***;12****;1*****;*
003901;00390*;0039**;003***;00****;0*****;*
588728;58872*;5887**;588***;58****;5*****;*
061284;06128*;0612**;061***;06****;0*****;*
627336;62733*;6273**;627***;62****;6*****;*
840670;84067*;8406**;840***;84****;8*****;*
633843;63384*;6338**;633***;63****;6*****;*
578999;57899*;5789**;578***;57****;5*****;*
117937;11793*;1179**;117***;11****;1*****;*
380486;38048*;3804**;380***;38****;3*****;*
620778;62077*;6207**;620***;62****;6*****;*
321127;32112*;3211**;321***;32****;3*****;*
355559;35555*;3555**;355***;35****;3*****;*
856163;85616*;8561**;856***;85****;8*****;*
237801;23780*;2378**;237***;23****;2*****;*
906192;90619*;9061**;906***;90****;9*****;*
492701;49270*;4927**;492***;49****;4*****;*
156525;15652*;1565**;156***;15****;1*****;*
757542;75754*;7575**;757***;75****;7*****;*
503463;50346*;5034**;503***;50****;5*****;*
789643;78964*;7896**;789***;78****;7*****;*
212559;21255*;2125**;212***;21****;2*****;*
740366;74036*;7403**;740***;74****;7*****;*
124554;12455*;1245**;124***;12****;1*****;*
860545;86054*;8605**;860***;86****;8*****;*
684619;68461*;6846**;684***;68****;6*****;*
394093;39409*;3940**;394***;39****;3*****;*
280807;28080*;2808**;280***;28****;2*****;*
818665;81866*;8186**;818***;81****;8*****;*
687339;68733*;6873**;687***;68****;6*****;*
771301;77130*;7713**;771***;77****;7*****;*
848558;84855*;8485**;848***;84****;8*****;*
360038;36003*;3600**;360***;36****;3*****;*
221394;22139*;2213**;221***;22****;2*****;*
243722;24372*;2437**;243***;24****;2*****;*
893457;89345*;8934**;893***;89****;8*****;*
505867;50586*;5058**;505***;50****;5*****;*
602657;60265*;6026**;602***;60****;6*****;*
121391;12139*;1213**;121***;12****;1*****;*
838856;83885*;8388**;838***;83****;8*****;*
717061;71706*;7170**;717***;71****;7*****;*
615372;61537*;6153**;615***;61****;6*****;*
192442;19244*;1924**;192***;19****;1*****;*
506340;50634*;5063**;506***;50****;5*****;*
855805;85580*;8558**;855***;85****;8*****;*
373284;37328*;3732**;373***;37****;3*****;*
594953;59495*;5949**;594***;59****;5*****;*
268602;26860*;2686**;268***;26****;2*****;*
335152;33515*;3351**;335***;33****;3*****;*
234005;23400*;2340**;234***;23****;2*****;*
934884;93488*;9348**;934***;93****;9*****;*
864400;86440*;8644**;864***;86****;8*****;*
283794;28379*;2837**;283***;28****;2*****;*
958647;95864*;9586**;958***;95****;9*****;*
674677;67467*;6746**;674***;67****;6*****;*
676677;67667*;6766**;676***;67****;6*****;*
009992;00999*;0099**;009***;00****;0*****;*
665974;66597*;6659**;665***;66****;6*****;*
472203;47220*;4722**;472***;47****;4*****;*
098945;09894*;0989**;098***;09****;0*****;*
770999;77099*;7709**;770***;77****;7*****;*
398865;39886*;3988**;398***;39****;3*****;*
390722;39072*;3907**;390***;39****;3*****;*
818994;81899*;8189**;818***;81****;8*****;*
939254;93925*;9392**;939***;93****;9*****;*
969987;96998*;9699**;969***;96****;9*****;*
921673;92167*;9216**;921***;92****;9*****;*
261211;26121*;2612**;261***;26****;2*****;*
578791;57879*;5787**;578***;57****;5*****;*
480164;48016*;4801**;480***;48****;4*****;*
695296;69529*;6952**;695***;69****;6*****;*
479558;47955*;4795**;479***;47****;4*****;*
887201;88720*;8872**;887***;88****;8*****;*
367079;36707*;3670**;367***;36****;3*****;*
556410;55641*;5564**;556***;55****;5*****;*
855259;85525*;8552**;855***;85****;8*****;*
375630;37563*;3756**;375***;37****;3*****;*
193052;19305*;1930**;193***;19****;1*****;*
408903;40890*;4089**;408***;40****;4*****;*
442774;44277*;4427**;442***;44****;4*****;*
235968;23596*;2359**;235***;23****;2*****;*
848606;84860*;8486**;848***;84****;8*****;*
278633;27863*;2786**;278***;27****;2*****;*
742545;74254*;7425**;742***;74****;7*****;*
615743;61574*;6157**;615***;61****;6*****;*
894411;89441*;8944**;894***;89****;8*****;*
012824;01282*;0128**;012***;01****;0*****;*
081134;08113*;0811**;081***;08****;0*****;*
003497;00349*;0034**;003***;00****;0*****;*
302237;30223*;3022**;302***;30****;3*****;*
572164;57216*;5721**;572***;57****;5*****;*
508431;50843*;5084**;508***;50****;5*****;*
772235;77223*;7722**;772***;77****;7*****;*
343013;34301*;3430**;343***;34****;3*****;*
986461;98646*;9864**;986***;98****;9*****;*
413480;41348*;4134**;413***;41****;4*****;*
697230;69723*;6972**;697***;69****;6*****;*
622282;62228*;6222**;622***;62****;6*****;*
720633;72063*;7206**;720***;72****;7*****;*
905374;90537*;9053**;905***;90****;9*****;*
554737;55473*;5547**;554***;55****;5*****;*
647980;64798*;6479**;647***;64****;6*****;*
412635;41263*;4126**;412***;41****;4*****;*
556780;55678*;5567**;556***;55****;5*****;*
828214;82821*;8282**;828***;82****;8*****;*
855713;85571*;8557**;855***;85****;8*****;*
192947;19294*;1929**;192***;19****;1*****;*
636534;63653*;6365**;636***;63****;6*****;*
657827;65782*;6578**;657***;65****;6*****;*
343213;34321*;3432**;343***;34****;3*****;*
477860;47786*;4778**;477***;47****;4*****;*
261792;26179*;2617**;261***;26****;2*****;*
366352;36635*;3663**;366***;36****;3*****;*
917422;91742*;9174**;917***;91****;9*****;*
724193;72419*;7241**;724***;72****;7*****;*
731733;73173*;7317**;731***;73****;7*****;*
496967;49696*;4969**;496***;49****;4*****;*
203851;20385*;2038**;203***;20****;2*****;*
242445;24244*;2424**;242***;24****;2*****;*
606551;60655*;6065**;606***;60****;6*****;*
877489;87748*;8774**;877***;87****;8*****;*
907444;90744*;9074**;907***;90****;9*****;*
425757;42575*;4257**;425***;42****;4*****;*
005172;00517*;0051**;005***;00****;0*****;*
670894;67089*;6708**;670***;67****;6*****;*
725925;72592*;7259**;725***;72****;7*****;*
798250;79825*;7982**;798***;79****;7*****;*
899177;89917*;8991**;899***;89****;8*****;*
714237;71423*;7142**;714***;71****;7*****;*
895032;89503*;8950**;895***;89****;8*****;*
669945;66994*;6699**;669***;66****;6*****;*
069396;06939*;0693**;069***;06****;0*****;*
491423;49142*;4914**;491***;49****;4*****;*
506734;50673*;5067**;506***;50****;5*****;*
059423;05942*;0594**;059***;05****;0*****;*
812396;81239*;8123**;812***;81****;8*****;*
073075;07307*;0730**;073***;07****;0*****;*
067036;06703*;0670**;067***;06****;0*****;*
179381;17938*;1793**;179***;17****;1*****;*
882905;88290*;8829**;882***;88****;8*****;*
113458;11345*;1134**;113***;11****;1*****;*
367816;36781*;3678**;367***;36****;3*****;*
195893;19589*;1958**;195***;19****;1*****;*
597423;59742*;5974**;597***;59****;5*****;*
324853;32485*;3248**;324***;32****;3*****;*
789455;78945*;7894**;789***;78****;7*****;*
473130;47313*;4731**;473***;47****;4*****;*
026296;02629*;0262**;026***;02****;0*****;*
754697;75469*;7546**;754***;75****;7*****;*
185899;18589*;1858**;185***;18****;1*****;*
489879;48987*;4898**;489***;48****;4*****;*
968343;96834*;9683**;968***;96****;9*****;*
122887;12288*;1228**;122***;12****;1*****;*
969041;96904*;9690**;969***;96****;9*****;*
643024;64302*;6430**;643***;64****;6*****;*
221090;22109*;2210**;221***;22****;2*****;*
297134;29713*;2971**;297***;29****;2*****;*
275106;27510*;2751**;275***;27****;2*****;*
878265;87826*;8782**;878***;87****;8*****;*
129767;12976*;1297**;129***;12****;1*****;*
510567;51056*;5105**;510***;51****;5*****;*
661219;66121*;6612**;661***;66****;6*****;*
295873;29587*;2958**;295***;29****;2*****;*
066118;06611*;0661**;066***;06****;0*****;*
392752;39275*;3927**;392***;39****;3*****;*
707127;70712*;7071**;707***;70****;7*****;*
216991;21699*;2169**;216***;21****;2*****;*
329677;32967*;3296**;329***;32****;3*****;*
368285;36828*;3682**;368***;36****;3*****;*
232335;23233*;2323**;232***;23****;2*****;*
071860;07186*;0718**;071***;07****;0*****;*
740670;74067*;7406**;740***;74****;7*****;*
369326;36932*;3693**;369***;36****;3*****;*
013188;01318*;0131**;013***;01****;0*****;*
450396;45039*;4503**;450***;45****;4*****;*
079184;07918*;0791**;079***;07****;0*****;*
896765;89676*;8967**;896***;89****;8*****;*
702085;70208*;7020**;702***;70****;7*****;*
588321;58832*;5883**;588***;58****;5*****;*
843144;84314*;8431**;843***;84****;8*****;*
063405;06340*;0634**;063***;06****;0*****;*
560666;56066*;5606**;560***;56****;5*****;*
419353;41935*;4193**;419***;41****;4*****;*
621216;62121*;6212**;621***;62****;6*****;*
715852;71585*;7158**;715***;71****;7*****;*
793262;79326*;7932**;793***;79****;7*****;*
956885;95688*;9568**;956***;95****;9*****;*
693559;69355*;6935**;693***;69****;6*****;*
102864;10286*;1028**;102***;10****;1*****;*
288179;28817*;2881**;288***;28****;2*****;*
712882;71288*;7128**;712***;71****;7*****;*
317679;31767*;3176**;317***;31****;3*****;*
981678;98167*;9816**;981***;98****;9*****;*
843611;84361*;8436**;843***;84****;8*****;*
124908;12490*;1249**;124***;12****;1*****;*
103946;10394*;1039**;103***;10****;1*****;*
982164;98216*;9821**;982***;98****;9*****;*
401796;40179*;4017**;401***;40****;4*****;*
913044;91304*;9130**;913***;91****;9*****;*
935077;93507*;9350**;935***;93****;9*****;*
626062;62606*;6260**;626***;62****;6*****;*
918209;91820*;9182**;918***;91****;9*****;*
178966;17896*;1789**;178***;17****;1*****;*
031536;03153*;0315**;031***;03****;0*****;*
017126;01712*;0171**;017***;01****;0*****;*
367545;36754*;3675**;367***;36****;3*****;*
514604;51460*;5146**;514***;51****;5*****;*
623524;62352*;6235**;623***;62****;6*****;*
258013;25801*;2580**;258***;25****;2*****;*
429684;42968*;4296**;429***;42****;4*****;*
735222;73522*;7352**;735***;73****;7*****;*
563587;56358*;5635**;563***;56****;5*****;*
579841;57984*;5798**;579***;57****;5*****;*
381203;38120*;3812**;381***;38****;3*****;*
518829;51882*;5188**;518***;51****;5*****;*
403512;40351*;4035**;403***;40****;4*****;*
952965;95296*;9529**;952***;95****;9*****;*
320358;32035*;3203**;320***;32****;3*****;*
920935;92093*;9209**;920***;92****;9*****;*
485538;48553*;4855**;485***;48****;4*****;*
374966;37496*;3749**;374***;37****;3*****;*
443971;44397*;4439**;443***;44****;4*****;*
444368;44436*;4443**;444***;44****;4*****;*
398227;39822*;3982**;398***;39****;3*****;*
271353;27135*;2713**;271***;27****;2*****;*
378998;37899*;3789**;378***;37****;3*****;*
069816;06981*;0698**;069***;06****;0*****;*
618755;61875*;6187**;618***;61****;6*****;*
853991;85399*;8539**;853***;85****;8*****;*
721811;72181*;7218**;721***;72****;7*****;*
179707;17970*;1797**;179***;17****;1*****;*
329164;32916*;3291**;329***;32****;3*****;*
257819;25781*;2578**;257***;25****;2*****;*
627135;62713*;6271**;627***;62****;6*****;*
697333;69733*;6973**;697***;69****;6*****;*
329938;32993*;3299**;329***;32****;3*****;*
570944;57094*;5709**;570***;57****;5*****;*
382333;38233*;3823**;382***;38****;3*****;*
813220;81322*;8132**;813***;81****;8*****;*
499754;49975*;4997**;499***;49****;4*****;*
823016;82301*;8230**;823***;82****;8*****;*
004530;00453*;0045**;004***;00****;0*****;*
730651;73065*;7306**;730***;73****;7*****;*
330237;33023*;3302**;330***;33****;3*****;*
815686;81568*;8156**;815***;81****;8*****;*
781657;78165*;7816**;781***;78****;7*****;*
854990;85499*;8549**;854***;85****;8*****;*
104252;10425*;1042**;104***;10****;1*****;*
795330;79533*;7953**;795***;79****;7*****;*
150802;15080*;1508**;150***;15****;1*****;*
959866;95986*;9598**;959***;95****;9*****;*
264584;26458*;2645**;264***;26****;2*****;*
548026;54802*;5480**;548***;54****;5*****;*
794728;79472*;7947**;794***;79****;7*****;*
880754;88075*;8807**;880***;88****;8*****;*
908562;90856*;9085**;908***;90****;9*****;*
681592;68159*;6815**;681***;68****;6*****;*
542531;54253*;5425**;542***;54****;5*****;*
439424;43942*;4394**;439***;43****;4*****;*
432485;43248*;4324**;432***;43****;4*****;*
988756;98875*;9887**;988***;98****;9*****;*
425807;42580*;4258**;425***;42****;4*****;*
873720;87372*;8737**;873***;87****;8*****;*
511743;51174*;5117**;511***;51****;5*****;*
105091;10509*;1050**;105***;10****;1*****;*
610446;61044*;6104**;610***;61****;6*****;*
848226;84822*;8482**;848***;84****;8*****;*
634197;63419*;6341**;634***;63****;6*****;*
331596;33159*;3315**;331***;33****;3*****;*
110875;11087*;1108**;110***;11****;1*****;*
121158;12115*;1211**;121***;12****;1*****;*
000349;00034*;0003**;000***;00****;0*****;*
268655;26865*;2686**;268***;26****;2*****;*
346392;34639*;3463**;346***;34****;3*****;*
350444;35044*;3504**;350***;35****;3*****;*
695461;69546*;6954**;695***;69****;6*****;*
913033;91303*;9130**;913***;91****;9*****;*
981976;98197*;9819**;981***;98****;9*****;*
944798;94479*;9447**;944***;94****;9*****;*
172080;17208*;1720**;172***;17****;1*****;*
068683;06868*;0686**;068***;06****;0*****;*
771544;77154*;7715**;771***;77****;7*****;*
800353;80035*;8003**;800***;80****;8*****;*
412231;41223*;4122**;412***;41****;4*****;*
862959;86295*;8629**;862***;86****;8*****;*
110159;11015*;1101**;110***;11****;1*****;*
201239;20123*;2012**;201***;20****;2*****;*
591574;59157*;5915**;591***;59****;5*****;*
433152;43315*;4331**;433***;43****;4*****;*
304932;30493*;3049**;304***;30****;3*****;*
262169;26216*;2621**;262***;26****;2*****;*
126989;12698*;1269**;126***;12****;1*****;*
009905;00990*;0099**;009***;00****;0*****;*
791507;79150*;7915**;791***;79****;7*****;*
385756;38575*;3857**;385***;38****;3*****;*
988635;98863*;9886**;988***;98****;9*****;*
717736;71773*;7177**;717***;71****;7*****;*
357162;35716*;3571**;357***;35****;3*****;*
037367;03736*;0373**;037***;03****;0*****;*
539018;53901*;5390**;539***;53****;5*****;*
018504;01850*;0185**;018***;01****;0*****;*
352940;35294*;3529**;352***;35****;3*****;*
024544;02454*;0245**;024***;02****;0*****;*
081792;08179*;0817**;081***;08****;0*****;*
988021;98802*;9880**;988***;98****;9*****;*
328152;32815*;3281**;328***;32****;3*****;*
157323;15732*;1573**;157***;15****;1*****;*
279768;27976*;2797**;279***;27****;2*****;*
365986;36598*;3659**;365***;36****;3*****;*
029737;02973*;0297**;029***;02****;0*****;*
511661;51166*;5116**;511***;51****;5*****;*
892403;89240*;8924**;892***;89****;8*****;*
171645;17164*;1716**;171***;17****;1*****;*
070533;07053*;0705**;070***;07****;0*****;*
206691;20669*;2066**;206***;20****;2*****;*
667108;66710*;6671**;667***;66****;6*****;*
887648;88764*;8876**;887***;88****;8*****;*
013274;01327*;0132**;013***;01****;0*****;*
928832;92883*;9288**;928***;92****;9*****;*
101011;10101*;1010**;101***;10****;1*****;*
584487;58448*;5844**;584***;58****;5*****;*
420609;42060*;4206**;420***;42****;4*****;*
709489;70948*;7094**;709***;70****;7*****;*
752214;75221*;7522**;752***;75****;7*****;*
168103;16810*;1681**;168***;16****;1*****;*
484613;48461*;4846**;484***;48****;4*****;*
807537;80753*;8075**;807***;80****;8*****;*
792921;79292*;7929**;792***;79****;7*****;*
211541;21154*;2115**;211***;21****;2*****;*
245506;24550*;2455**;245***;24****;2*****;*
776535;77653*;7765**;776***;77****;7*****;*
097990;09799*;0979**;097***;09****;0*****;*
856158;85615*;8561**;856***;85****;8*****;*
509013;50901*;5090**;509***;50****;5*****;*
601112;60111*;6011**;601***;60****;6*****;*
977502;97750*;9775**;977***;97****;9*****;*
683023;68302*;6830**;683***;68****;6*****;*
985130;98513*;9851**;985***;98****;9*****;*
229917;22991*;2299**;229***;22****;2*****;*
158644;15864*;1586**;158***;15****;1*****;*
569567;56956*;5695**;569***;56****;5*****;*
809995;80999*;8099**;809***;80****;8*****;*
465275;46527*;4652**;465***;46****;4*****;*
429703;42970*;4297**;429***;42****;4*****;*
242442;24244*;2424**;242***;24****;2*****;*
967709;96770*;9677**;967***;96****;9*****;*
717617;71761*;7176**;717***;71****;7*****;*
130429;13042*;1304**;130***;13****;1*****;*
990368;99036*;9903**;990***;99****;9*****;*
561911;56191*;5619**;561***;56****;5*****;*
471863;47186*;4718**;471***;47****;4*****;*
925687;92568*;9256**;925***;92****;9*****;*
519993;51999*;5199**;519***;51****;5*****;*
708302;70830*;7083**;708***;70****;7*****;*
140228;14022*;1402**;140***;14****;1*****;*
021104;02110*;0211**;021***;02****;0*****;*
909278;90927*;9092**;909***;90****;9*****;*
242060;24206*;2420**;242***;24****;2*****;*
292943;29294*;2929**;292***;29****;2*****;*
610211;61021*;6102**;610***;61****;6*****;*
428339;42833*;4283**;428***;42****;4*****;*
629332;62933*;6293**;629***;62****;6*****;*
282935;28293*;2829**;282***;28****;2*****;*
681766;68176*;6817**;681***;68****;6*****;*
866939;86693*;8669**;866***;86****;8*****;*
320574;32057*;3205**;320***;32****;3*****;*
065079;06507*;0650**;065***;06****;0*****;*
197435;19743*;1974**;197***;19****;1*****;*
803665;80366*;8036**;803***;80****;8*****;*
320968;32096*;3209**;320***;32****;3*****;*
576779;57677*;5767**;576***;57****;5*****;*
605062;60506*;6050**;605***;60****;6*****;*
789431;78943*;7894**;789***;78****;7*****;*
216260;21626*;2162**;216***;21****;2*****;*
895598;89559*;8955**;895***;89****;8*****;*
530841;53084*;5308**;530***;53****;5*****;*
589428;58942*;5894**;589***;58****;5*****;*
798554;79855*;7985**;798***;79****;7*****;*
229692;22969*;2296**;229***;22****;2*****;*
549907;54990*;5499**;549***;54****;5*****;*
675003;67500*;6750**;675***;67****;6*****;*
222349;22234*;2223**;222***;22****;2*****;*
811884;81188*;8118**;811***;81****;8*****;*
963385;96338*;9633**;963***;96****;9*****;*
364891;36489*;3648**;364***;36****;3*****;*
292593;29259*;2925**;292***;29****;2*****;*
106438;10643*;1064**;106***;10****;1*****;*
816005;81600*;8160**;816***;81****;8*****;*
520278;52027*;5202**;520***;52****;5*****;*
920839;92083*;9208**;920***;92****;9*****;*
294283;29428*;2942**;294***;29****;2*****;*
002687;00268*;0026**;002***;00****;0*****;*
057244;05724*;0572**;057***;05****;0*****;*
845314;84531*;8453**;845***;84****;8*****;*
247272;24727*;2472**;247***;24****;2*****;*
417040;41704*;4170**;417***;41****;4*****;*
906422;90642*;9064**;906***;90****;9*****;*
386289;38628*;3862**;386***;38****;3*****;*
422057;42205*;4220**;422***;42****;4*****;*
570566;57056*;5705**;570***;57****;5*****;*
526440;52644*;5264**;526***;52****;5*****;*
311518;31151*;3115**;311***;31****;3*****;*
170223;17022*;1702**;170***;17****;1*****;*
437270;43727*;4372**;437***;43****;4*****;*
657731;65773*;6577**;657***;65****;6*****;*
389219;38921*;3892**;389***;38****;3*****;*
756500;75650*;7565**;756***;75****;7*****;*
430236;43023*;4302**;430***;43****;4*****;*
914221;91422*;9142**;914***;91****;9*****;*
575086;57508*;5750**;575***;57****;5*****;*
535879;53587*;5358**;535***;53****;5*****;*
627041;62704*;6270**;627***;62****;6*****;*
636620;63662*;6366**;636***;63****;6*****;*
061261;06126*;0612**;061***;06****;0*****;*
695402;69540*;6954**;695***;69****;6*****;*
244829;24482*;2448**;244***;24****;2*****;*
144117;14411*;1441**;144***;14****;1*****;*
143263;14326*;1432**;143***;14****;1*****;*
556455;55645*;5564**;556***;55****;5*****;*
481575;48157*;4815**;481***;48****;4*****;*
463424;46342*;4634**;463***;46****;4*****;*
555152;55515*;5551**;555***;55****;5*****;*
492517;49251*;4925**;492***;49****;4*****;*
298645;29864*;2986**;298***;29****;2*****;*
644726;64472*;6447**;644***;64****;6*****;*
263335;26333*;2633**;263***;26****;2*****;*
388835;38883*;3888**;388***;38****;3*****;*
678986;67898*;6789**;678***;67****;6*****;*
642593;64259*;6425**;642***;64****;6*****;*
753605;75360*;7536**;753***;75****;7*****;*
758227;75822*;7582**;758***;75****;7*****;*
905674;90567*;9056**;905***;90****;9*****;*
465940;46594*;4659**;465***;46****;4*****;*
320992;32099*;3209**;320***;32****;3*****;*
794272;79427*;7942**;794***;79****;7*****;*
801440;80144*;8014**;801***;80****;8*****;*
709239;70923*;7092**;709***;70****;7*****;*
317877;31787*;3178**;317***;31****;3*****;*
184103;18410*;1841**;184***;18****;1*****;*
770398;77039*;7703**;770***;77****;7*****;*
306157;30615*;3061**;306***;30****;3*****;*
792958;79295*;7929**;792***;79****;7*****;*
630690;63069*;6306**;630***;63****;6*****;*
580936;58093*;5809**;580***;58****;5*****;*
